 ID,Name,Resource Image,Created,Updated
21,Education,"{'url':'62ec10b4b05f902f53dd393aced20114fb5b92c0539457162e6b36469e71f00f.jpg','size':215882,'width':1920,'height':1277,'filename':'Education.jpg','metadata':{'width':1920,'height':1277,'blurHash':'eEF6C6_NIUtQM_tlNaozxae.EIN;R%Rksq-7wbadbcX9m+ivoMbcbb','blurHashWidth':32}}",2024-12-09T21:33:05.764Z,2025-07-24T14:42:15.523Z
20,Life Skills,"{'url':'540d21926dac8fb98d6b71e6a59babec0a884c7dbf1702ac5b1621dd854e1f65.jpg','size':273896,'width':1920,'height':1280,'filename':'Life Skills Image.jpg','metadata':{'width':1920,'height':1280,'blurHash':'eMDT9RrVIUK6OF8^yEyDM{WCE3ozn$%2V@xaVsaKxuxaW=M|bIV@s,','blurHashWidth':32}}",2024-12-09T21:32:51.141Z,2025-07-24T14:42:30.441Z
19,Mental Health,"{'url':'0530c0a7bf842defb4edc7c5de91f91893a10b2a79d05965af1d2d7dd9f87bf6.jpg','size':421223,'width':1920,'height':2880,'filename':'Mental Health Image.jpg','metadata':{'width':1920,'height':2880,'blurHash':'eKG98K00Nd_3%M4n_3jZt7%N4na#ROM{WXf5RPn~NGIUjEWBx]WBV@','blurHashWidth':32}}",2024-12-09T21:32:41.497Z,2025-07-24T14:42:41.979Z
18,Clothing Assistance,,2024-12-09T20:46:59.090Z,2025-08-21T17:54:46.003Z
17,Low Income,,2024-12-09T20:46:43.988Z,2024-12-09T20:46:43.988Z
16,Homelessness,,2024-12-09T20:46:31.081Z,2025-08-21T17:55:12.590Z
15,Young Adults,,2024-12-09T20:46:20.392Z,2024-12-09T20:46:20.392Z
14,Women,,2024-12-09T20:46:12.768Z,2024-12-09T20:46:12.768Z
13,Benefits,,2024-12-09T20:46:04.207Z,2025-08-21T17:45:39.328Z
12,Support Services,,2024-12-09T20:45:58.233Z,2024-12-09T20:45:58.233Z
11,Insurance,,2024-12-09T20:45:40.976Z,2024-12-09T20:45:40.976Z
10,Caretaking,,2024-12-09T20:45:31.772Z,2024-12-09T20:45:31.772Z
9,Disability,,2024-10-29T18:38:34.197Z,2024-10-29T18:38:34.197Z
8,Community Support,,2024-10-29T18:38:10.488Z,2024-10-29T18:38:10.488Z
7,Legal Services,,2024-10-29T18:38:00.346Z,2024-10-29T18:38:00.346Z
6,Wellness,,2024-10-29T18:37:49.770Z,2024-10-29T18:37:49.770Z
5,Food,,2024-10-29T18:37:44.878Z,2024-10-29T18:37:44.878Z
4,Technology,,2024-10-29T18:37:36.536Z,2025-08-21T17:55:41.517Z
3,Other,,2024-09-19T20:43:31.333Z,2024-09-19T20:43:31.333Z
2,Employment,,2024-09-10T23:14:03.689Z,2024-09-10T23:14:03.689Z
1,Housing,,2024-09-10T23:13:59.893Z,2024-09-10T23:13:59.893Z
